{
	"carName": "audi_r8_lms_evo_ii",
	"basicSetup":
	{
		"tyres":
		{
			"tyreCompound": 0,
			"tyrePressure": [ 69, 73, 69, 73 ]
		},
		"alignment":
		{
			"camber": [ 1, 1, 0, 0 ],
			"toe": [ 30, 30, 50, 50 ],
			"staticCamber": [ -4.0427117347717285, -4.041010856628418, -3.2885746955871582, -3.2853729724884033 ],
			"toeOutLinear": [ 0.00035409218980930746, 0.00035407909308560193, 0.00036269592237658799, 0.00036270159762352705 ],
			"casterLF": 13,
			"casterRF": 13,
			"steerRatio": 4
		},
		"electronics":
		{
			"tC1": 3,
			"tC2": 3,
			"abs": 4,
			"eCUMap": 0,
			"fuelMix": 0,
			"telemetryLaps": 0
		},
		"strategy":
		{
			"fuel": 0,
			"nPitStops": 0,
			"tyreSet": 2,
			"frontBrakePadCompound": 0,
			"rearBrakePadCompound": 0,
			"pitStrategy": [
				{
					"fuelToAdd": 0,
					"tyres":
					{
						"tyreCompound": 0,
						"tyrePressure": [ 47, 53, 47, 52 ]
					},
					"tyreSet": 2,
					"frontBrakePadCompound": 1,
					"rearBrakePadCompound": 1
				}
			],
			"fuelPerLap": 2.6500000953674316
		}
	},
	"advancedSetup":
	{
		"mechanicalBalance":
		{
			"aRBFront": 2,
			"aRBRear": 1,
			"wheelRate": [ 3, 3, 3, 3 ],
			"bumpStopRateUp": [ 5, 5, 0, 0 ],
			"bumpStopRateDn": [ 0, 0, 10, 10 ],
			"bumpStopWindow": [ 2, 2, 20, 20 ],
			"brakeTorque": 20,
			"brakeBias": 60
		},
		"dampers":
		{
			"bumpSlow": [ 14, 14, 18, 18 ],
			"bumpFast": [ 10, 10, 20, 20 ],
			"reboundSlow": [ 25, 25, 22, 22 ],
			"reboundFast": [ 20, 20, 25, 25 ]
		},
		"aeroBalance":
		{
			"rideHeight": [ 1, 6, 8, 18 ],
			"rodLength": [ 24.418201446533203, 24.418201446533203, 7.1122713088989258, 7.1122713088989258 ],
			"splitter": 0,
			"rearWing": 4,
			"brakeDuct": [ 4, 3 ]
		},
		"drivetrain":
		{
			"preload": 8
		}
	},
	"trackBopType": 28
}