{"carName":"audi_r8_lms_evo_ii","basicSetup":{"tyres":{"tyreCompound":1,"tyrePressure":[64,70,60,67]},"alignment":{"camber":[5,5,7,7],"toe":[23,23,26,26],"staticCamber":[-3.6701462268829346,-3.6670033931732178,-2.786461114883423,-2.7807328701019287],"toeOutLinear":[0.0005259154131636024,0.0005259097088128328,-0.0004507930716499686,-0.00045079088886268437],"casterLF":15,"casterRF":15,"steerRatio":3},"electronics":{"tC1":6,"tC2":7,"abs":10,"eCUMap":6,"fuelMix":0,"telemetryLaps":5},"strategy":{"fuel":108,"nPitStops":0,"tyreSet":2,"frontBrakePadCompound":1,"rearBrakePadCompound":1,"pitStrategy":[{"fuelToAdd":0,"tyres":{"tyreCompound":0,"tyrePressure":[61,59,61,59]},"tyreSet":2,"frontBrakePadCompound":1,"rearBrakePadCompound":1}],"fuelPerLap":2.4422099590301514}},"advancedSetup":{"mechanicalBalance":{"aRBFront":2,"aRBRear":0,"wheelRate":[1,1,0,0],"bumpStopRateUp":[11,11,9,9],"bumpStopRateDn":[0,0,10,10],"bumpStopWindow":[8,8,15,15],"brakeTorque":20,"brakeBias":35},"dampers":{"bumpSlow":[9,9,18,18],"bumpFast":[20,20,12,12],"reboundSlow":[14,14,22,22],"reboundFast":[19,19,20,20]},"aeroBalance":{"rideHeight":[2,6,13,18],"rodLength":[30.583219528198242,30.583219528198242,20.466215133666992,20.466215133666992],"splitter":0,"rearWing":5,"brakeDuct":[3,2]},"drivetrain":{"preload":8}},"trackBopType":28}