{"carName":"audi_r8_lms_evo_ii","basicSetup":{"tyres":{"tyreCompound":0,"tyrePressure":[47,57,49,55]},"alignment":{"camber":[2,2,2,2],"toe":[23,23,27,27],"staticCamber":[-3.958712339401245,-3.9518425464630127,-3.215670108795166,-3.2110931873321533],"toeOutLinear":[0.0005076034576632082,0.0005076081724837422,-0.0004072822048328817,-0.0004072869778610766],"casterLF":15,"casterRF":15,"steerRatio":3},"electronics":{"tC1":2,"tC2":4,"abs":3,"eCUMap":0,"fuelMix":0,"telemetryLaps":5},"strategy":{"fuel":118,"nPitStops":0,"tyreSet":10,"frontBrakePadCompound":1,"rearBrakePadCompound":1,"pitStrategy":[{"fuelToAdd":0,"tyres":{"tyreCompound":0,"tyrePressure":[61,59,61,59]},"tyreSet":2,"frontBrakePadCompound":1,"rearBrakePadCompound":1}],"fuelPerLap":2.8140361309051514}},"advancedSetup":{"mechanicalBalance":{"aRBFront":3,"aRBRear":1,"wheelRate":[2,2,1,1],"bumpStopRateUp":[7,7,7,7],"bumpStopRateDn":[0,0,10,10],"bumpStopWindow":[10,10,30,30],"brakeTorque":20,"brakeBias":39},"dampers":{"bumpSlow":[10,10,21,21],"bumpFast":[23,23,16,16],"reboundSlow":[14,14,24,24],"reboundFast":[19,19,24,24]},"aeroBalance":{"rideHeight":[0,6,9,18],"rodLength":[26.672954559326172,26.672954559326172,14.103248596191406,14.103248596191406],"splitter":0,"rearWing":5,"brakeDuct":[4,4]},"drivetrain":{"preload":8}},"trackBopType":28}