{"carName":"audi_r8_lms_evo_ii","basicSetup":{"tyres":{"tyreCompound":0,"tyrePressure":[49,58,49,55]},"alignment":{"camber":[0,0,0,0],"toe":[10,10,22,22],"staticCamber":[-4.185513496398926,-4.179321765899658,-3.437134265899658,-3.4325475692749023],"toeOutLinear":[0.0007910652784630656,0.0007910997373983264,-0.0005736709572374821,-0.0005736785824410617],"casterLF":15,"casterRF":15,"steerRatio":3},"electronics":{"tC1":1,"tC2":0,"abs":2,"eCUMap":0,"fuelMix":0,"telemetryLaps":5},"strategy":{"fuel":118,"nPitStops":0,"tyreSet":6,"frontBrakePadCompound":1,"rearBrakePadCompound":1,"pitStrategy":[{"fuelToAdd":0,"tyres":{"tyreCompound":0,"tyrePressure":[61,59,61,59]},"tyreSet":2,"frontBrakePadCompound":1,"rearBrakePadCompound":1}],"fuelPerLap":2.7294514179229736}},"advancedSetup":{"mechanicalBalance":{"aRBFront":3,"aRBRear":2,"wheelRate":[0,0,0,0],"bumpStopRateUp":[11,11,13,13],"bumpStopRateDn":[0,0,10,10],"bumpStopWindow":[13,13,12,12],"brakeTorque":20,"brakeBias":43},"dampers":{"bumpSlow":[10,10,18,18],"bumpFast":[26,26,16,16],"reboundSlow":[14,14,24,24],"reboundFast":[22,22,27,27]},"aeroBalance":{"rideHeight":[0,6,9,18],"rodLength":[32.677024841308594,32.677024841308594,17.64035987854004,17.64035987854004],"splitter":0,"rearWing":5,"brakeDuct":[4,4]},"drivetrain":{"preload":8}},"trackBopType":28}