{"carName":"audi_r8_lms_evo_ii","basicSetup":{"tyres":{"tyreCompound":0,"tyrePressure":[52,60,50,56]},"alignment":{"camber":[0,0,0,0],"toe":[10,10,22,22],"staticCamber":[-4.1820244789123535,-4.17711877822876,-3.4455785751342773,-3.4413058757781982],"toeOutLinear":[0.0007874847506172955,0.0007874946459196508,-0.0005749096744693816,-0.0005749085685238242],"casterLF":15,"casterRF":15,"steerRatio":3},"electronics":{"tC1":1,"tC2":0,"abs":2,"eCUMap":0,"fuelMix":0,"telemetryLaps":5},"strategy":{"fuel":10,"nPitStops":0,"tyreSet":7,"frontBrakePadCompound":0,"rearBrakePadCompound":0,"pitStrategy":[{"fuelToAdd":0,"tyres":{"tyreCompound":0,"tyrePressure":[61,59,61,59]},"tyreSet":2,"frontBrakePadCompound":1,"rearBrakePadCompound":1}],"fuelPerLap":2.7111873626708984}},"advancedSetup":{"mechanicalBalance":{"aRBFront":2,"aRBRear":1,"wheelRate":[0,0,0,0],"bumpStopRateUp":[11,11,13,13],"bumpStopRateDn":[0,0,10,10],"bumpStopWindow":[10,10,6,6],"brakeTorque":20,"brakeBias":36},"dampers":{"bumpSlow":[10,10,18,18],"bumpFast":[26,26,16,16],"reboundSlow":[14,14,24,24],"reboundFast":[22,22,27,27]},"aeroBalance":{"rideHeight":[0,6,10,18],"rodLength":[31.183561325073242,31.183561325073242,15.91557788848877,15.91557788848877],"splitter":0,"rearWing":5,"brakeDuct":[4,4]},"drivetrain":{"preload":8}},"trackBopType":28}