{"carName":"audi_r8_lms_evo_ii","basicSetup":{"tyres":{"tyreCompound":1,"tyrePressure":[83,88,82,86]},"alignment":{"camber":[5,5,7,7],"toe":[23,23,26,26],"staticCamber":[-3.6923155784606934,-3.6895666122436523,-2.836886167526245,-2.833801507949829],"toeOutLinear":[0.0005594334215857089,0.0005594525136984885,-0.0004599166859406978,-0.0004599166859406978],"casterLF":15,"casterRF":15,"steerRatio":3},"electronics":{"tC1":7,"tC2":4,"abs":11,"eCUMap":6,"fuelMix":0,"telemetryLaps":5},"strategy":{"fuel":108,"nPitStops":0,"tyreSet":0,"frontBrakePadCompound":2,"rearBrakePadCompound":2,"pitStrategy":[{"fuelToAdd":0,"tyres":{"tyreCompound":0,"tyrePressure":[61,59,61,59]},"tyreSet":2,"frontBrakePadCompound":1,"rearBrakePadCompound":1}],"fuelPerLap":2.3202590942382812}},"advancedSetup":{"mechanicalBalance":{"aRBFront":2,"aRBRear":0,"wheelRate":[1,1,0,0],"bumpStopRateUp":[11,11,11,11],"bumpStopRateDn":[0,0,10,10],"bumpStopWindow":[8,8,15,15],"brakeTorque":20,"brakeBias":35},"dampers":{"bumpSlow":[9,9,8,8],"bumpFast":[20,20,12,12],"reboundSlow":[14,14,12,12],"reboundFast":[19,19,20,20]},"aeroBalance":{"rideHeight":[5,6,16,18],"rodLength":[33.43153762817383,33.43153762817383,23.19430923461914,23.19430923461914],"splitter":0,"rearWing":5,"brakeDuct":[2,1]},"drivetrain":{"preload":8}},"trackBopType":28}