{"carName":"audi_r8_lms_evo_ii","basicSetup":{"tyres":{"tyreCompound":0,"tyrePressure":[48,57,49,55]},"alignment":{"camber":[0,0,0,0],"toe":[10,10,22,22],"staticCamber":[-4.185617923736572,-4.179407596588135,-3.4371352195739746,-3.432547092437744],"toeOutLinear":[0.0007912072469480336,0.0007911428110674024,-0.0005736686289310455,-0.0005736801540479064],"casterLF":15,"casterRF":15,"steerRatio":3},"electronics":{"tC1":1,"tC2":0,"abs":2,"eCUMap":0,"fuelMix":0,"telemetryLaps":5},"strategy":{"fuel":118,"nPitStops":0,"tyreSet":1,"frontBrakePadCompound":1,"rearBrakePadCompound":1,"pitStrategy":[{"fuelToAdd":0,"tyres":{"tyreCompound":0,"tyrePressure":[61,59,61,59]},"tyreSet":2,"frontBrakePadCompound":1,"rearBrakePadCompound":1}],"fuelPerLap":2.7483367919921875}},"advancedSetup":{"mechanicalBalance":{"aRBFront":2,"aRBRear":1,"wheelRate":[0,0,0,0],"bumpStopRateUp":[15,15,13,13],"bumpStopRateDn":[0,0,10,10],"bumpStopWindow":[13,13,9,9],"brakeTorque":20,"brakeBias":39},"dampers":{"bumpSlow":[10,10,18,18],"bumpFast":[23,23,16,16],"reboundSlow":[14,14,24,24],"reboundFast":[19,19,27,27]},"aeroBalance":{"rideHeight":[0,6,9,18],"rodLength":[32.687068939208984,32.687068939208984,17.640380859375,17.640380859375],"splitter":0,"rearWing":5,"brakeDuct":[4,4]},"drivetrain":{"preload":8}},"trackBopType":28}