{"carName":"audi_r8_lms_evo_ii","basicSetup":{"tyres":{"tyreCompound":0,"tyrePressure":[49,59,51,57]},"alignment":{"camber":[0,0,0,0],"toe":[25,25,23,23],"staticCamber":[-4.152488708496094,-4.146077632904053,-3.4414803981781006,-3.437225103378296],"toeOutLinear":[0.00046150930575095117,0.000461493618786335,-0.0005416604108177125,-0.0005416750209406018],"casterLF":15,"casterRF":15,"steerRatio":3},"electronics":{"tC1":1,"tC2":5,"abs":3,"eCUMap":0,"fuelMix":0,"telemetryLaps":5},"strategy":{"fuel":10,"nPitStops":0,"tyreSet":20,"frontBrakePadCompound":0,"rearBrakePadCompound":0,"pitStrategy":[{"fuelToAdd":0,"tyres":{"tyreCompound":0,"tyrePressure":[61,59,61,59]},"tyreSet":2,"frontBrakePadCompound":1,"rearBrakePadCompound":1}],"fuelPerLap":2.6500000953674316}},"advancedSetup":{"mechanicalBalance":{"aRBFront":3,"aRBRear":1,"wheelRate":[2,2,1,1],"bumpStopRateUp":[7,7,7,7],"bumpStopRateDn":[0,0,10,10],"bumpStopWindow":[10,10,20,20],"brakeTorque":20,"brakeBias":40},"dampers":{"bumpSlow":[10,10,21,21],"bumpFast":[23,23,16,16],"reboundSlow":[14,14,24,24],"reboundFast":[19,19,24,24]},"aeroBalance":{"rideHeight":[0,6,10,18],"rodLength":[25.61272430419922,25.61272430419922,12.778870582580566,12.778870582580566],"splitter":0,"rearWing":5,"brakeDuct":[4,4]},"drivetrain":{"preload":6}},"trackBopType":28}