{
	"carName": "porsche_991ii_gt3_r",
	"basicSetup":
	{
		"tyres":
		{
			"tyreCompound": 0,
			"tyrePressure": [ 69, 69, 63, 63 ]
		},
		"alignment":
		{
			"camber": [ 27, 27, 15, 15 ],
			"toe": [ 39, 39, 45, 45 ],
			"staticCamber": [ -4.9190587997436523, -4.9190592765808105, -0.80988121032714844, -0.80988115072250366 ],
			"toeOutLinear": [ -0.00024239593767561018, -0.00024239525373559445, -0.0054180817678570747, -0.0054180831648409367 ],
			"casterLF": 17,
			"casterRF": 17,
			"steerRatio": 3
		},
		"electronics":
		{
			"tC1": 3,
			"tC2": 2,
			"abs": 2,
			"eCUMap": 6,
			"fuelMix": 0,
			"telemetryLaps": 0
		},
		"strategy":
		{
			"fuel": 0,
			"nPitStops": 0,
			"tyreSet": 0,
			"frontBrakePadCompound": 1,
			"rearBrakePadCompound": 1,
			"pitStrategy": [
				{
					"fuelToAdd": 0,
					"tyres":
					{
						"tyreCompound": 0,
						"tyrePressure": [ 58, 58, 51, 51 ]
					},
					"tyreSet": 2,
					"frontBrakePadCompound": 1,
					"rearBrakePadCompound": 1
				}
			],
			"fuelPerLap": 3.7999999523162842
		}
	},
	"advancedSetup":
	{
		"mechanicalBalance":
		{
			"aRBFront": 4,
			"aRBRear": 4,
			"wheelRate": [ 6, 6, 5, 5 ],
			"bumpStopRateUp": [ 6, 6, 2, 2 ],
			"bumpStopRateDn": [ 0, 0, 10, 10 ],
			"bumpStopWindow": [ 1, 1, 50, 50 ],
			"brakeTorque": 20,
			"brakeBias": 45
		},
		"dampers":
		{
			"bumpSlow": [ 12, 12, 4, 4 ],
			"bumpFast": [ 4, 4, 4, 4 ],
			"reboundSlow": [ 8, 8, 9, 9 ],
			"reboundFast": [ 8, 8, 7, 7 ]
		},
		"aeroBalance":
		{
			"rideHeight": [ 3, 11, 21, 18 ],
			"rodLength": [ 51.490341186523438, 51.490341186523438, -46.338314056396484, -46.338314056396484 ],
			"splitter": 1,
			"rearWing": 7,
			"brakeDuct": [ 2, 1 ]
		},
		"drivetrain":
		{
			"preload": 8
		}
	},
	"trackBopType": 10
}