{"carName":"porsche_992_gt3_cup","basicSetup":{"tyres":{"tyreCompound":0,"tyrePressure":[19,34,5,22]},"alignment":{"camber":[6,6,4,4],"toe":[28,28,40,40],"staticCamber":[-4.895980358123779,-4.8870110511779785,-3.4463508129119873,-3.4269468784332275],"toeOutLinear":[0.0005609371000900865,0.0005609430372714996,-0.00024756122729741037,-0.00024734370526857674],"casterLF":0,"casterRF":0,"steerRatio":3},"electronics":{"tC1":0,"tC2":0,"abs":5,"eCUMap":0,"fuelMix":0,"telemetryLaps":7},"strategy":{"fuel":8,"nPitStops":0,"tyreSet":8,"frontBrakePadCompound":0,"rearBrakePadCompound":0,"pitStrategy":[{"fuelToAdd":0,"tyres":{"tyreCompound":0,"tyrePressure":[50,50,50,50]},"tyreSet":2,"frontBrakePadCompound":1,"rearBrakePadCompound":1}],"fuelPerLap":1.863473892211914}},"advancedSetup":{"mechanicalBalance":{"aRBFront":7,"aRBRear":9,"wheelRate":[0,0,0,0],"bumpStopRateUp":[0,0,0,0],"bumpStopRateDn":[0,0,10,10],"bumpStopWindow":[0,0,0,0],"brakeTorque":20,"brakeBias":35},"dampers":{"bumpSlow":[0,0,0,0],"bumpFast":[0,0,0,0],"reboundSlow":[0,0,0,0],"reboundFast":[0,0,0,0]},"aeroBalance":{"rideHeight":[3,11,1,18],"rodLength":[24.010251998901367,24.010251998901367,0.05559443309903145,0.05559443309903145],"splitter":0,"rearWing":10,"brakeDuct":[4,5]},"drivetrain":{"preload":0}},"trackBopType":33}