{"carName":"porsche_992_gt3_cup","basicSetup":{"tyres":{"tyreCompound":0,"tyrePressure":[17,32,5,22]},"alignment":{"camber":[7,7,10,10],"toe":[30,30,47,47],"staticCamber":[-4.799820423126221,-4.790439128875732,-2.7589755058288574,-2.739738702774048],"toeOutLinear":[0.0005284942453727126,0.000528502045199275,-0.0004926598048768938,-0.0004924315144307911],"casterLF":0,"casterRF":0,"steerRatio":3},"electronics":{"tC1":0,"tC2":0,"abs":5,"eCUMap":0,"fuelMix":0,"telemetryLaps":7},"strategy":{"fuel":48,"nPitStops":0,"tyreSet":3,"frontBrakePadCompound":1,"rearBrakePadCompound":1,"pitStrategy":[{"fuelToAdd":0,"tyres":{"tyreCompound":0,"tyrePressure":[50,50,50,50]},"tyreSet":2,"frontBrakePadCompound":1,"rearBrakePadCompound":1}],"fuelPerLap":1.8770942687988281}},"advancedSetup":{"mechanicalBalance":{"aRBFront":7,"aRBRear":9,"wheelRate":[0,0,0,0],"bumpStopRateUp":[0,0,0,0],"bumpStopRateDn":[0,0,10,10],"bumpStopWindow":[0,0,0,0],"brakeTorque":20,"brakeBias":35},"dampers":{"bumpSlow":[0,0,0,0],"bumpFast":[0,0,0,0],"reboundSlow":[0,0,0,0],"reboundFast":[0,0,0,0]},"aeroBalance":{"rideHeight":[3,11,0,18],"rodLength":[25.183502197265625,25.183502197265625,-1.3158677816390991,-1.3158677816390991],"splitter":0,"rearWing":10,"brakeDuct":[4,5]},"drivetrain":{"preload":0}},"trackBopType":33}