{
	"carName": "amr_v8_vantage_gt3",
	"basicSetup":
	{
		"tyres":
		{
			"tyreCompound": 0,
			"tyrePressure": [ 53, 69, 55, 67 ]
		},
		"alignment":
		{
			"camber": [ 0, 0, 0, 0 ],
			"toe": [ 30, 30, 47, 47 ],
			"staticCamber": [ -5.3943476676940918, -5.3822369575500488, -5.3537712097167969, -5.342048168182373 ],
			"toeOutLinear": [ 0.00017126616148743778, 0.00017125594604294747, 0.00023214779503177851, 0.0002321550709893927 ],
			"casterLF": 7,
			"casterRF": 7,
			"steerRatio": 0
		},
		"electronics":
		{
			"tC1": 1,
			"tC2": 8,
			"abs": 3,
			"eCUMap": 0,
			"fuelMix": 0,
			"telemetryLaps": 0
		},
		"strategy":
		{
			"fuel": 23,
			"nPitStops": 0,
			"tyreSet": 0,
			"frontBrakePadCompound": 0,
			"rearBrakePadCompound": 0,
			"pitStrategy": [
				{
					"fuelToAdd": 0,
					"tyres":
					{
						"tyreCompound": 0,
						"tyrePressure": [ 53, 69, 55, 67 ]
					},
					"tyreSet": 2,
					"frontBrakePadCompound": 1,
					"rearBrakePadCompound": 1
				}
			],
			"fuelPerLap": 2.3717308044433594
		}
	},
	"advancedSetup":
	{
		"mechanicalBalance":
		{
			"aRBFront": 3,
			"aRBRear": 6,
			"wheelRate": [ 2, 2, 3, 3 ],
			"bumpStopRateUp": [ 3, 3, 2, 2 ],
			"bumpStopRateDn": [ 0, 0, 10, 10 ],
			"bumpStopWindow": [ 7, 7, 60, 60 ],
			"brakeTorque": 20,
			"brakeBias": 25
		},
		"dampers":
		{
			"bumpSlow": [ 21, 21, 10, 10 ],
			"bumpFast": [ 25, 25, 15, 15 ],
			"reboundSlow": [ 28, 28, 22, 22 ],
			"reboundFast": [ 30, 30, 22, 22 ]
		},
		"aeroBalance":
		{
			"rideHeight": [ 0, 6, 33, 18 ],
			"rodLength": [ 59.254463195800781, 59.254463195800781, 79.699661254882813, 79.699661254882813 ],
			"splitter": 0,
			"rearWing": 10,
			"brakeDuct": [ 4, 3 ]
		},
		"drivetrain":
		{
			"preload": 0
		}
	},
	"trackBopType": 28
}