{
	"carName": "amr_v8_vantage_gt3",
	"basicSetup":
	{
		"tyres":
		{
			"tyreCompound": 0,
			"tyrePressure": [ 54, 71, 54, 67 ]
		},
		"alignment":
		{
			"camber": [ 8, 5, 7, 7 ],
			"toe": [ 34, 34, 42, 42 ],
			"staticCamber": [ -4.5746216773986816, -4.8721981048583984, -4.603600025177002, -4.5921034812927246 ],
			"toeOutLinear": [ 9.3513081083074212e-05, 9.3568996817339212e-05, 0.00010761954035842791, 0.00010743274469859898 ],
			"casterLF": 7,
			"casterRF": 7,
			"steerRatio": 0
		},
		"electronics":
		{
			"tC1": 2,
			"tC2": 8,
			"abs": 4,
			"eCUMap": 0,
			"fuelMix": 0,
			"telemetryLaps": 0
		},
		"strategy":
		{
			"fuel": 118,
			"nPitStops": 0,
			"tyreSet": 0,
			"frontBrakePadCompound": 0,
			"rearBrakePadCompound": 0,
			"pitStrategy": [
				{
					"fuelToAdd": 0,
					"tyres":
					{
						"tyreCompound": 0,
						"tyrePressure": [ 54, 71, 54, 67 ]
					},
					"tyreSet": 2,
					"frontBrakePadCompound": 1,
					"rearBrakePadCompound": 1
				}
			],
			"fuelPerLap": 2.441741943359375
		}
	},
	"advancedSetup":
	{
		"mechanicalBalance":
		{
			"aRBFront": 3,
			"aRBRear": 2,
			"wheelRate": [ 3, 3, 3, 3 ],
			"bumpStopRateUp": [ 3, 3, 2, 2 ],
			"bumpStopRateDn": [ 0, 0, 10, 10 ],
			"bumpStopWindow": [ 7, 7, 60, 60 ],
			"brakeTorque": 20,
			"brakeBias": 25
		},
		"dampers":
		{
			"bumpSlow": [ 21, 21, 10, 10 ],
			"bumpFast": [ 25, 25, 15, 15 ],
			"reboundSlow": [ 28, 28, 22, 22 ],
			"reboundFast": [ 30, 30, 22, 22 ]
		},
		"aeroBalance":
		{
			"rideHeight": [ 0, 6, 30, 18 ],
			"rodLength": [ 58.328975677490234, 58.328975677490234, 78.986778259277344, 78.986778259277344 ],
			"splitter": 0,
			"rearWing": 10,
			"brakeDuct": [ 5, 4 ]
		},
		"drivetrain":
		{
			"preload": 0
		}
	},
	"trackBopType": 28
}