{
	"carName": "audi_r8_lms_evo_ii",
	"basicSetup":
	{
		"tyres":
		{
			"tyreCompound": 0,
			"tyrePressure": [ 51, 51, 53, 54 ]
		},
		"alignment":
		{
			"camber": [ 1, 1, 0, 0 ],
			"toe": [ 25, 25, 50, 50 ],
			"staticCamber": [ -4.0831270217895508, -4.0831313133239746, -3.3606088161468506, -3.3598737716674805 ],
			"toeOutLinear": [ 0.00050973624456673861, 0.00050975062185898423, 0.00035072118043899536, 0.00035071934689767659 ],
			"casterLF": 15,
			"casterRF": 15,
			"steerRatio": 4
		},
		"electronics":
		{
			"tC1": 2,
			"tC2": 2,
			"abs": 3,
			"eCUMap": 0,
			"fuelMix": 0,
			"telemetryLaps": 0
		},
		"strategy":
		{
			"fuel": 60,
			"nPitStops": 0,
			"tyreSet": 0,
			"frontBrakePadCompound": 1,
			"rearBrakePadCompound": 1,
			"pitStrategy": [
				{
					"fuelToAdd": 0,
					"tyres":
					{
						"tyreCompound": 0,
						"tyrePressure": [ 56, 56, 53, 54 ]
					},
					"tyreSet": 2,
					"frontBrakePadCompound": 1,
					"rearBrakePadCompound": 1
				}
			],
			"fuelPerLap": 3.9000000953674316
		}
	},
	"advancedSetup":
	{
		"mechanicalBalance":
		{
			"aRBFront": 4,
			"aRBRear": 3,
			"wheelRate": [ 3, 3, 4, 4 ],
			"bumpStopRateUp": [ 3, 3, 0, 0 ],
			"bumpStopRateDn": [ 0, 0, 10, 10 ],
			"bumpStopWindow": [ 2, 2, 20, 20 ],
			"brakeTorque": 20,
			"brakeBias": 61
		},
		"dampers":
		{
			"bumpSlow": [ 25, 25, 22, 22 ],
			"bumpFast": [ 20, 20, 25, 25 ],
			"reboundSlow": [ 25, 25, 28, 28 ],
			"reboundFast": [ 25, 25, 30, 30 ]
		},
		"aeroBalance":
		{
			"rideHeight": [ 4, 6, 11, 18 ],
			"rodLength": [ 28.228120803833008, 28.228120803833008, 10.636147499084473, 10.636147499084473 ],
			"splitter": 0,
			"rearWing": 4,
			"brakeDuct": [ 4, 4 ]
		},
		"drivetrain":
		{
			"preload": 6
		}
	},
	"trackBopType": 33
}