{
	"carName": "audi_r8_lms_evo",
	"basicSetup":
	{
		"tyres":
		{
			"tyreCompound": 0,
			"tyrePressure": [ 64, 61, 63, 59 ]
		},
		"alignment":
		{
			"camber": [ 9, 9, 12, 12 ],
			"toe": [ 25, 25, 60, 60 ],
			"staticCamber": [ -4.2924137115478516, -4.2939958572387695, -3.6428730487823486, -3.6463701725006104 ],
			"toeOutLinear": [ 0.00052611145656555891, 0.00052629993297159672, 0.00067861290881410241, 0.00067861011484637856 ],
			"casterLF": 17,
			"casterRF": 17,
			"steerRatio": 5
		},
		"electronics":
		{
			"tC1": 1,
			"tC2": 0,
			"abs": 3,
			"eCUMap": 0,
			"fuelMix": 0,
			"telemetryLaps": 0
		},
		"strategy":
		{
			"fuel": 98,
			"nPitStops": 0,
			"tyreSet": 1,
			"frontBrakePadCompound": 1,
			"rearBrakePadCompound": 1,
			"pitStrategy": [
				{
					"fuelToAdd": 0,
					"tyres":
					{
						"tyreCompound": 0,
						"tyrePressure": [ 60, 62, 57, 58 ]
					},
					"tyreSet": 2,
					"frontBrakePadCompound": 1,
					"rearBrakePadCompound": 1
				}
			],
			"fuelPerLap": 3.9000000953674316
		}
	},
	"advancedSetup":
	{
		"mechanicalBalance":
		{
			"aRBFront": 3,
			"aRBRear": 3,
			"wheelRate": [ 2, 2, 4, 4 ],
			"bumpStopRateUp": [ 5, 5, 4, 5 ],
			"bumpStopRateDn": [ 0, 0, 10, 10 ],
			"bumpStopWindow": [ 2, 2, 40, 40 ],
			"brakeTorque": 20,
			"brakeBias": 45
		},
		"dampers":
		{
			"bumpSlow": [ 25, 25, 20, 20 ],
			"bumpFast": [ 20, 20, 18, 18 ],
			"reboundSlow": [ 25, 25, 28, 28 ],
			"reboundFast": [ 30, 30, 30, 30 ]
		},
		"aeroBalance":
		{
			"rideHeight": [ 5, 6, 12, 18 ],
			"rodLength": [ 30.061599731445313, 30.061599731445313, 11.915496826171875, 11.915496826171875 ],
			"splitter": 0,
			"rearWing": 4,
			"brakeDuct": [ 3, 2 ]
		},
		"drivetrain":
		{
			"preload": 8
		}
	}
}