{"carName":"audi_r8_lms_evo_ii","basicSetup":{"tyres":{"tyreCompound":0,"tyrePressure":[52,57,54,55]},"alignment":{"camber":[0,0,0,0],"toe":[30,30,35,35],"staticCamber":[-4.151724338531494,-4.148436069488525,-3.3923487663269043,-3.39164137840271],"toeOutLinear":[0.0003739717067219317,0.00037402508314698935,-0.00014298976748250425,-0.0001429979020031169],"casterLF":24,"casterRF":24,"steerRatio":2},"electronics":{"tC1":2,"tC2":0,"abs":3,"eCUMap":0,"fuelMix":0,"telemetryLaps":5},"strategy":{"fuel":12,"nPitStops":0,"tyreSet":15,"frontBrakePadCompound":0,"rearBrakePadCompound":0,"pitStrategy":[{"fuelToAdd":110,"tyres":{"tyreCompound":0,"tyrePressure":[50,55,53,54]},"tyreSet":2,"frontBrakePadCompound":1,"rearBrakePadCompound":1}],"fuelPerLap":3.3303446769714355}},"advancedSetup":{"mechanicalBalance":{"aRBFront":3,"aRBRear":2,"wheelRate":[0,0,0,0],"bumpStopRateUp":[7,7,9,9],"bumpStopRateDn":[0,0,10,10],"bumpStopWindow":[12,12,8,8],"brakeTorque":20,"brakeBias":35},"dampers":{"bumpSlow":[16,16,20,20],"bumpFast":[15,15,15,15],"reboundSlow":[20,20,25,25],"reboundFast":[17,17,20,20]},"aeroBalance":{"rideHeight":[0,6,10,18],"rodLength":[31.09162712097168,31.09162712097168,15.785415649414062,15.785415649414062],"splitter":0,"rearWing":5,"brakeDuct":[5,3]},"drivetrain":{"preload":18}},"trackBopType":53}