{"carName":"audi_r8_lms_evo_ii","basicSetup":{"tyres":{"tyreCompound":0,"tyrePressure":[54,57,53,54]},"alignment":{"camber":[2,2,2,2],"toe":[30,30,35,35],"staticCamber":[-3.952814817428589,-3.95076847076416,-3.1171536445617676,-3.1163923740386963],"toeOutLinear":[0.0003762299311347306,0.00037626063567586243,-0.00013220013352110982,-0.00013220639084465802],"casterLF":24,"casterRF":24,"steerRatio":2},"electronics":{"tC1":3,"tC2":0,"abs":3,"eCUMap":0,"fuelMix":0,"telemetryLaps":5},"strategy":{"fuel":108,"nPitStops":0,"tyreSet":1,"frontBrakePadCompound":1,"rearBrakePadCompound":1,"pitStrategy":[{"fuelToAdd":110,"tyres":{"tyreCompound":0,"tyrePressure":[50,55,53,54]},"tyreSet":2,"frontBrakePadCompound":1,"rearBrakePadCompound":1}],"fuelPerLap":3.3182907104492188}},"advancedSetup":{"mechanicalBalance":{"aRBFront":3,"aRBRear":2,"wheelRate":[1,1,0,0],"bumpStopRateUp":[7,7,9,9],"bumpStopRateDn":[0,0,10,10],"bumpStopWindow":[12,12,11,11],"brakeTorque":20,"brakeBias":32},"dampers":{"bumpSlow":[16,16,18,18],"bumpFast":[15,15,23,23],"reboundSlow":[20,20,23,23],"reboundFast":[17,17,25,25]},"aeroBalance":{"rideHeight":[0,6,6,18],"rodLength":[29.246789932250977,29.246789932250977,14.489738464355469,14.489738464355469],"splitter":0,"rearWing":5,"brakeDuct":[5,4]},"drivetrain":{"preload":7}},"trackBopType":53}