{
	"carName": "amr_v8_vantage_gt3",
	"basicSetup":
	{
		"tyres":
		{
			"tyreCompound": 0,
			"tyrePressure": [ 60, 60, 61, 61 ]
		},
		"alignment":
		{
			"camber": [ 1, 1, 4, 4 ],
			"toe": [ 23, 23, 50, 50 ],
			"staticCamber": [ -5.331092357635498, -5.332120418548584, -5.3173103332519531, -5.3163728713989258 ],
			"toeOutLinear": [ 0.00032675274997018278, 0.00032683563767932355, 0.00029968941817060113, 0.00029965097201056778 ],
			"casterLF": 10,
			"casterRF": 10,
			"steerRatio": 1
		},
		"electronics":
		{
			"tC1": 1,
			"tC2": 1,
			"abs": 3,
			"eCUMap": 0,
			"fuelMix": 0,
			"telemetryLaps": 15
		},
		"strategy":
		{
			"fuel": 18,
			"nPitStops": 0,
			"tyreSet": 14,
			"frontBrakePadCompound": 3,
			"rearBrakePadCompound": 3,
			"pitStrategy": [
				{
					"fuelToAdd": 0,
					"tyres":
					{
						"tyreCompound": 0,
						"tyrePressure": [ 58, 55, 57, 56 ]
					},
					"tyreSet": 2,
					"frontBrakePadCompound": 1,
					"rearBrakePadCompound": 1
				}
			],
			"fuelPerLap": 3.2999999523162842
		}
	},
	"advancedSetup":
	{
		"mechanicalBalance":
		{
			"aRBFront": 3,
			"aRBRear": 7,
			"wheelRate": [ 4, 4, 7, 7 ],
			"bumpStopRateUp": [ 4, 4, 4, 4 ],
			"bumpStopRateDn": [ 0, 0, 10, 10 ],
			"bumpStopWindow": [ 3, 3, 16, 16 ],
			"brakeTorque": 20,
			"brakeBias": 35
		},
		"dampers":
		{
			"bumpSlow": [ 29, 29, 9, 9 ],
			"bumpFast": [ 29, 29, 17, 17 ],
			"reboundSlow": [ 18, 18, 20, 20 ],
			"reboundFast": [ 22, 22, 22, 22 ]
		},
		"aeroBalance":
		{
			"rideHeight": [ 0, 6, 27, 18 ],
			"rodLength": [ 58.230632781982422, 58.230632781982422, 69.721420288085938, 69.721420288085938 ],
			"splitter": 0,
			"rearWing": 10,
			"brakeDuct": [ 3, 2 ]
		},
		"drivetrain":
		{
			"preload": 1
		}
	}
}