{
	"carName": "audi_r8_lms_evo_ii",
	"basicSetup":
	{
		"tyres":
		{
			"tyreCompound": 0,
			"tyrePressure": [ 55, 50, 53, 50 ]
		},
		"alignment":
		{
			"camber": [ 4, 4, 0, 0 ],
			"toe": [ 25, 25, 55, 55 ],
			"staticCamber": [ -3.8060307502746582, -3.809377908706665, -3.3342750072479248, -3.3364458084106445 ],
			"toeOutLinear": [ 0.00055184500524774194, 0.00055184209486469626, 0.00051763700321316719, 0.00051764422096312046 ],
			"casterLF": 15,
			"casterRF": 15,
			"steerRatio": 4
		},
		"electronics":
		{
			"tC1": 6,
			"tC2": 6,
			"abs": 6,
			"eCUMap": 0,
			"fuelMix": 0,
			"telemetryLaps": 0
		},
		"strategy":
		{
			"fuel": 0,
			"nPitStops": 0,
			"tyreSet": 0,
			"frontBrakePadCompound": 1,
			"rearBrakePadCompound": 1,
			"pitStrategy": [
				{
					"fuelToAdd": 0,
					"tyres":
					{
						"tyreCompound": 0,
						"tyrePressure": [ 53, 53, 52, 52 ]
					},
					"tyreSet": 2,
					"frontBrakePadCompound": 1,
					"rearBrakePadCompound": 1
				}
			],
			"fuelPerLap": 3.9000000953674316
		}
	},
	"advancedSetup":
	{
		"mechanicalBalance":
		{
			"aRBFront": 4,
			"aRBRear": 1,
			"wheelRate": [ 3, 3, 4, 4 ],
			"bumpStopRateUp": [ 5, 5, 2, 2 ],
			"bumpStopRateDn": [ 0, 0, 10, 10 ],
			"bumpStopWindow": [ 2, 2, 30, 30 ],
			"brakeTorque": 20,
			"brakeBias": 65
		},
		"dampers":
		{
			"bumpSlow": [ 25, 25, 18, 18 ],
			"bumpFast": [ 20, 20, 24, 24 ],
			"reboundSlow": [ 25, 25, 20, 20 ],
			"reboundFast": [ 20, 20, 25, 25 ]
		},
		"aeroBalance":
		{
			"rideHeight": [ 8, 6, 11, 18 ],
			"rodLength": [ 31.797924041748047, 31.797924041748047, 9.9309930801391602, 9.9309930801391602 ],
			"splitter": 0,
			"rearWing": 4,
			"brakeDuct": [ 4, 4 ]
		},
		"drivetrain":
		{
			"preload": 6
		}
	},
	"trackBopType": 39
}