{
	"carName": "bmw_m4_gt3",
	"basicSetup":
	{
		"tyres":
		{
			"tyreCompound": 0,
			"tyrePressure": [ 55, 56, 56, 56 ]
		},
		"alignment":
		{
			"camber": [ 1, 1, 2, 2 ],
			"toe": [ 10, 10, 0, 0 ],
			"staticCamber": [ -4.0715527534484863, -4.0708837509155273, -2.5370151996612549, -2.537015438079834 ],
			"toeOutLinear": [ 0.00020171016512904316, 0.00020170980133116245, 0.0001856988383224234, 0.00018569380335975438 ],
			"casterLF": 26,
			"casterRF": 26,
			"steerRatio": 4
		},
		"electronics":
		{
			"tC1": 3,
			"tC2": 0,
			"abs": 4,
			"eCUMap": 0,
			"fuelMix": 0,
			"telemetryLaps": 0
		},
		"strategy":
		{
			"fuel": 46,
			"nPitStops": 0,
			"tyreSet": 1,
			"frontBrakePadCompound": 0,
			"rearBrakePadCompound": 0,
			"pitStrategy": [
				{
					"fuelToAdd": 0,
					"tyres":
					{
						"tyreCompound": 0,
						"tyrePressure": [ 0, 0, 0, 0 ]
					},
					"tyreSet": 2,
					"frontBrakePadCompound": 0,
					"rearBrakePadCompound": 0
				}
			],
			"fuelPerLap": 4.0999999046325684
		}
	},
	"advancedSetup":
	{
		"mechanicalBalance":
		{
			"aRBFront": 8,
			"aRBRear": 6,
			"wheelRate": [ 3, 3, 4, 4 ],
			"bumpStopRateUp": [ 12, 12, 6, 6 ],
			"bumpStopRateDn": [ 0, 0, 10, 10 ],
			"bumpStopWindow": [ 10, 10, 37, 37 ],
			"brakeTorque": 20,
			"brakeBias": 19
		},
		"dampers":
		{
			"bumpSlow": [ 17, 17, 6, 6 ],
			"bumpFast": [ 25, 25, 22, 22 ],
			"reboundSlow": [ 12, 12, 15, 15 ],
			"reboundFast": [ 28, 28, 24, 24 ]
		},
		"aeroBalance":
		{
			"rideHeight": [ 2, 11, 14, 18 ],
			"rodLength": [ 22.992914199829102, 22.992914199829102, 5.0218362808227539, 5.0218362808227539 ],
			"splitter": 0,
			"rearWing": 4,
			"brakeDuct": [ 3, 3 ]
		},
		"drivetrain":
		{
			"preload": 5
		}
	},
	"trackBopType": 33
}