{
	"carName": "ferrari_488_gt3_evo",
	"basicSetup":
	{
		"tyres":
		{
			"tyreCompound": 1,
			"tyrePressure": [ 57, 59, 55, 55 ]
		},
		"alignment":
		{
			"camber": [ 4, 4, 3, 3 ],
			"toe": [ 20, 20, 60, 60 ],
			"staticCamber": [ -2.8012070655822754, -2.7997746467590332, -2.0825655460357666, -2.0822651386260986 ],
			"toeOutLinear": [ 0.0012979417806491256, 0.0012978859012946486, -0.00018890017236117274, -0.00018887870828621089 ],
			"casterLF": 46,
			"casterRF": 46,
			"steerRatio": 4
		},
		"electronics":
		{
			"tC1": 7,
			"tC2": 8,
			"abs": 8,
			"eCUMap": 5,
			"fuelMix": 0,
			"telemetryLaps": 0
		},
		"strategy":
		{
			"fuel": 60,
			"nPitStops": 0,
			"tyreSet": 0,
			"frontBrakePadCompound": 2,
			"rearBrakePadCompound": 2,
			"pitStrategy": [
				{
					"fuelToAdd": 0,
					"tyres":
					{
						"tyreCompound": 0,
						"tyrePressure": [ 72, 72, 71, 71 ]
					},
					"tyreSet": 2,
					"frontBrakePadCompound": 2,
					"rearBrakePadCompound": 2
				}
			],
			"fuelPerLap": 3.5148162841796875
		}
	},
	"advancedSetup":
	{
		"mechanicalBalance":
		{
			"aRBFront": 20,
			"aRBRear": 1,
			"wheelRate": [ 8, 8, 3, 3 ],
			"bumpStopRateUp": [ 7, 7, 2, 2 ],
			"bumpStopRateDn": [ 0, 0, 10, 10 ],
			"bumpStopWindow": [ 0, 0, 50, 50 ],
			"brakeTorque": 20,
			"brakeBias": 40
		},
		"dampers":
		{
			"bumpSlow": [ 8, 8, 6, 6 ],
			"bumpFast": [ 2, 2, 3, 3 ],
			"reboundSlow": [ 4, 4, 3, 3 ],
			"reboundFast": [ 4, 4, 4, 4 ]
		},
		"aeroBalance":
		{
			"rideHeight": [ 5, 6, 5, 18 ],
			"rodLength": [ -30.651599884033203, -30.651599884033203, -21.942577362060547, -21.942577362060547 ],
			"splitter": 0,
			"rearWing": 12,
			"brakeDuct": [ 4, 4 ]
		},
		"drivetrain":
		{
			"preload": 15
		}
	},
	"trackBopType": 33
}