{
	"carName": "amr_v8_vantage_gt3",
	"basicSetup":
	{
		"tyres":
		{
			"tyreCompound": 0,
			"tyrePressure": [ 65, 58, 61, 57 ]
		},
		"alignment":
		{
			"camber": [ 0, 0, 0, 0 ],
			"toe": [ 0, 0, 18, 18 ],
			"staticCamber": [ -5.5158748626708984, -5.5193138122558594, -5.2842416763305664, -5.2872982025146484 ],
			"toeOutLinear": [ 0.00079250219278037548, 0.00079249608097597957, -0.00048034029896371067, -0.00048034486826509237 ],
			"casterLF": 22,
			"casterRF": 22,
			"steerRatio": 1
		},
		"electronics":
		{
			"tC1": 3,
			"tC2": 8,
			"abs": 5,
			"eCUMap": 0,
			"fuelMix": 0,
			"telemetryLaps": 0
		},
		"strategy":
		{
			"fuel": 13,
			"nPitStops": 0,
			"tyreSet": 0,
			"frontBrakePadCompound": 0,
			"rearBrakePadCompound": 0,
			"pitStrategy": [
				{
					"fuelToAdd": 0,
					"tyres":
					{
						"tyreCompound": 0,
						"tyrePressure": [ 65, 58, 61, 57 ]
					},
					"tyreSet": 2,
					"frontBrakePadCompound": 1,
					"rearBrakePadCompound": 1
				}
			],
			"fuelPerLap": 3
		}
	},
	"advancedSetup":
	{
		"mechanicalBalance":
		{
			"aRBFront": 3,
			"aRBRear": 2,
			"wheelRate": [ 4, 4, 5, 5 ],
			"bumpStopRateUp": [ 2, 2, 2, 2 ],
			"bumpStopRateDn": [ 0, 0, 10, 10 ],
			"bumpStopWindow": [ 5, 5, 25, 25 ],
			"brakeTorque": 20,
			"brakeBias": 22
		},
		"dampers":
		{
			"bumpSlow": [ 25, 25, 18, 18 ],
			"bumpFast": [ 28, 28, 24, 24 ],
			"reboundSlow": [ 40, 40, 40, 40 ],
			"reboundFast": [ 35, 35, 30, 30 ]
		},
		"aeroBalance":
		{
			"rideHeight": [ 2, 6, 28, 18 ],
			"rodLength": [ 59.454006195068359, 59.454006195068359, 72.937385559082031, 72.937385559082031 ],
			"splitter": 0,
			"rearWing": 10,
			"brakeDuct": [ 3, 2 ]
		},
		"drivetrain":
		{
			"preload": 0
		}
	},
	"trackBopType": 27
}