{"carName":"amr_v8_vantage_gt4","basicSetup":{"tyres":{"tyreCompound":0,"tyrePressure":[43,55,39,49]},"alignment":{"camber":[0,0,3,3],"toe":[30,30,40,40],"staticCamber":[-4.9126763343811035,-4.899566173553467,-4.749126434326172,-4.741915225982666],"toeOutLinear":[0.00014879131049383432,0.00014872613246552646,0.000024350807507289574,0.000024436540115857497],"casterLF":7,"casterRF":7,"steerRatio":1},"electronics":{"tC1":1,"tC2":0,"abs":1,"eCUMap":0,"fuelMix":0,"telemetryLaps":5},"strategy":{"fuel":10,"nPitStops":0,"tyreSet":6,"frontBrakePadCompound":0,"rearBrakePadCompound":0,"pitStrategy":[{"fuelToAdd":0,"tyres":{"tyreCompound":0,"tyrePressure":[34,48,33,41]},"tyreSet":2,"frontBrakePadCompound":1,"rearBrakePadCompound":1}],"fuelPerLap":2.7927238941192627}},"advancedSetup":{"mechanicalBalance":{"aRBFront":3,"aRBRear":3,"wheelRate":[2,2,2,2],"bumpStopRateUp":[1,1,4,4],"bumpStopRateDn":[0,0,10,10],"bumpStopWindow":[0,0,0,0],"brakeTorque":20,"brakeBias":28},"dampers":{"bumpSlow":[15,15,16,16],"bumpFast":[0,0,0,0],"reboundSlow":[18,18,18,18],"reboundFast":[0,0,0,0]},"aeroBalance":{"rideHeight":[0,6,12,18],"rodLength":[52.18339538574219,52.18339538574219,64.41938781738281,64.41938781738281],"splitter":0,"rearWing":2,"brakeDuct":[4,3]},"drivetrain":{"preload":1}},"trackBopType":8}