{"carName":"amr_v8_vantage_gt4","basicSetup":{"tyres":{"tyreCompound":0,"tyrePressure":[43,51,39,45]},"alignment":{"camber":[0,0,8,8],"toe":[30,30,44,44],"staticCamber":[-4.90767765045166,-4.898833751678467,-4.151532173156738,-4.147040843963623],"toeOutLinear":[0.000144892735988833,0.00014493122580461204,0.00010697881953092292,0.00010702865256462246],"casterLF":3,"casterRF":3,"steerRatio":1},"electronics":{"tC1":1,"tC2":0,"abs":1,"eCUMap":0,"fuelMix":0,"telemetryLaps":5},"strategy":{"fuel":58,"nPitStops":0,"tyreSet":2,"frontBrakePadCompound":1,"rearBrakePadCompound":1,"pitStrategy":[{"fuelToAdd":0,"tyres":{"tyreCompound":0,"tyrePressure":[34,48,33,41]},"tyreSet":2,"frontBrakePadCompound":1,"rearBrakePadCompound":1}],"fuelPerLap":2.793283224105835}},"advancedSetup":{"mechanicalBalance":{"aRBFront":3,"aRBRear":2,"wheelRate":[2,2,2,2],"bumpStopRateUp":[1,1,4,4],"bumpStopRateDn":[0,0,10,10],"bumpStopWindow":[0,0,0,0],"brakeTorque":20,"brakeBias":30},"dampers":{"bumpSlow":[15,15,16,16],"bumpFast":[0,0,0,0],"reboundSlow":[18,18,18,18],"reboundFast":[0,0,0,0]},"aeroBalance":{"rideHeight":[0,6,9,18],"rodLength":[52.326995849609375,52.326995849609375,63.75490951538086,63.75490951538086],"splitter":0,"rearWing":2,"brakeDuct":[4,3]},"drivetrain":{"preload":2}},"trackBopType":8}