{"carName":"audi_r8_lms_evo_ii","basicSetup":{"tyres":{"tyreCompound":0,"tyrePressure":[58,58,57,54]},"alignment":{"camber":[0,0,0,0],"toe":[0,0,6,6],"staticCamber":[-4.249028205871582,-4.24903678894043,-3.6367764472961426,-3.6388800144195557],"toeOutLinear":[0.001100923982448876,0.0011009093141183257,-0.0011268013622611761,-0.0011267970548942685],"casterLF":34,"casterRF":34,"steerRatio":3},"electronics":{"tC1":2,"tC2":0,"abs":3,"eCUMap":0,"fuelMix":0,"telemetryLaps":5},"strategy":{"fuel":10,"nPitStops":0,"tyreSet":9,"frontBrakePadCompound":0,"rearBrakePadCompound":0,"pitStrategy":[{"fuelToAdd":0,"tyres":{"tyreCompound":0,"tyrePressure":[61,59,61,59]},"tyreSet":2,"frontBrakePadCompound":1,"rearBrakePadCompound":1}],"fuelPerLap":2.807593584060669}},"advancedSetup":{"mechanicalBalance":{"aRBFront":4,"aRBRear":2,"wheelRate":[3,3,0,0],"bumpStopRateUp":[5,5,15,15],"bumpStopRateDn":[0,0,10,10],"bumpStopWindow":[6,6,5,5],"brakeTorque":20,"brakeBias":43},"dampers":{"bumpSlow":[20,20,5,5],"bumpFast":[49,49,49,49],"reboundSlow":[20,20,32,32],"reboundFast":[49,49,49,49]},"aeroBalance":{"rideHeight":[0,6,17,18],"rodLength":[23.589197158813477,23.589197158813477,22.593137741088867,22.593137741088867],"splitter":0,"rearWing":5,"brakeDuct":[3,2]},"drivetrain":{"preload":21}},"trackBopType":44}