{"carName":"audi_r8_lms_evo_ii","basicSetup":{"tyres":{"tyreCompound":0,"tyrePressure":[57,57,57,54]},"alignment":{"camber":[0,0,0,0],"toe":[6,6,8,8],"staticCamber":[-4.234829902648926,-4.234824180603027,-3.602308988571167,-3.6045570373535156],"toeOutLinear":[0.0009645337122492492,0.0009645202080719173,-0.0010558707872405648,-0.0010558664798736572],"casterLF":34,"casterRF":34,"steerRatio":3},"electronics":{"tC1":2,"tC2":0,"abs":3,"eCUMap":0,"fuelMix":0,"telemetryLaps":5},"strategy":{"fuel":110,"nPitStops":0,"tyreSet":6,"frontBrakePadCompound":1,"rearBrakePadCompound":1,"pitStrategy":[{"fuelToAdd":0,"tyres":{"tyreCompound":0,"tyrePressure":[61,59,61,59]},"tyreSet":2,"frontBrakePadCompound":1,"rearBrakePadCompound":1}],"fuelPerLap":2.8100383281707764}},"advancedSetup":{"mechanicalBalance":{"aRBFront":4,"aRBRear":2,"wheelRate":[3,3,0,0],"bumpStopRateUp":[3,3,13,13],"bumpStopRateDn":[0,0,10,10],"bumpStopWindow":[6,6,5,5],"brakeTorque":20,"brakeBias":43},"dampers":{"bumpSlow":[16,16,5,5],"bumpFast":[49,49,49,49],"reboundSlow":[20,20,32,32],"reboundFast":[49,49,49,49]},"aeroBalance":{"rideHeight":[0,6,15,18],"rodLength":[24.547725677490234,24.547725677490234,23.095476150512695,23.095476150512695],"splitter":0,"rearWing":5,"brakeDuct":[4,4]},"drivetrain":{"preload":16}},"trackBopType":44}