{"carName":"audi_r8_lms_evo_ii","basicSetup":{"tyres":{"tyreCompound":0,"tyrePressure":[62,56,58,53]},"alignment":{"camber":[0,0,0,0],"toe":[23,23,20,20],"staticCamber":[-4.206019401550293,-4.209283351898193,-3.5099825859069824,-3.5135674476623535],"toeOutLinear":[0.0005956927197985351,0.0005956958048045635,-0.0006505720666609704,-0.0006505798664875329],"casterLF":30,"casterRF":30,"steerRatio":2},"electronics":{"tC1":1,"tC2":0,"abs":3,"eCUMap":0,"fuelMix":0,"telemetryLaps":5},"strategy":{"fuel":10,"nPitStops":0,"tyreSet":9,"frontBrakePadCompound":0,"rearBrakePadCompound":0,"pitStrategy":[{"fuelToAdd":0,"tyres":{"tyreCompound":0,"tyrePressure":[61,59,61,59]},"tyreSet":2,"frontBrakePadCompound":1,"rearBrakePadCompound":1}],"fuelPerLap":2.8848390579223633}},"advancedSetup":{"mechanicalBalance":{"aRBFront":3,"aRBRear":1,"wheelRate":[0,0,0,0],"bumpStopRateUp":[11,11,6,6],"bumpStopRateDn":[0,0,10,10],"bumpStopWindow":[20,20,20,20],"brakeTorque":20,"brakeBias":32},"dampers":{"bumpSlow":[12,12,36,36],"bumpFast":[40,40,20,20],"reboundSlow":[24,24,32,32],"reboundFast":[38,38,44,44]},"aeroBalance":{"rideHeight":[3,6,13,18],"rodLength":[34.601234436035156,34.601234436035156,19.352340698242188,19.352340698242188],"splitter":0,"rearWing":5,"brakeDuct":[3,3]},"drivetrain":{"preload":13}},"trackBopType":27}