{"carName":"audi_r8_lms_evo_ii","basicSetup":{"tyres":{"tyreCompound":0,"tyrePressure":[63,55,59,53]},"alignment":{"camber":[2,2,3,3],"toe":[23,23,25,25],"staticCamber":[-3.9853897094726562,-3.9899513721466064,-3.1772382259368896,-3.1819448471069336],"toeOutLinear":[0.0005540466518141329,0.000553977326489985,-0.0004826532385777682,-0.0004826421500183642],"casterLF":15,"casterRF":15,"steerRatio":3},"electronics":{"tC1":2,"tC2":4,"abs":3,"eCUMap":0,"fuelMix":0,"telemetryLaps":5},"strategy":{"fuel":108,"nPitStops":0,"tyreSet":2,"frontBrakePadCompound":1,"rearBrakePadCompound":1,"pitStrategy":[{"fuelToAdd":0,"tyres":{"tyreCompound":0,"tyrePressure":[61,59,61,59]},"tyreSet":2,"frontBrakePadCompound":1,"rearBrakePadCompound":1}],"fuelPerLap":3.0999999046325684}},"advancedSetup":{"mechanicalBalance":{"aRBFront":3,"aRBRear":1,"wheelRate":[3,3,1,1],"bumpStopRateUp":[7,7,5,5],"bumpStopRateDn":[0,0,10,10],"bumpStopWindow":[22,22,60,60],"brakeTorque":20,"brakeBias":39},"dampers":{"bumpSlow":[12,12,36,36],"bumpFast":[40,40,20,20],"reboundSlow":[24,24,32,32],"reboundFast":[38,38,44,44]},"aeroBalance":{"rideHeight":[4,6,12,18],"rodLength":[28.81740951538086,28.81740951538086,17.1683292388916,17.1683292388916],"splitter":0,"rearWing":5,"brakeDuct":[5,4]},"drivetrain":{"preload":12}},"trackBopType":27}